Workbook

Sheet Points
A1: Jadid Index - Points Table (v0.3, draft)
A2: Generated from Types and Settings: points = base x level x result. Export this sheet to seed the database. To add or remove a valid combination, add or delete a row.
A4: ID | B4: Category | C4: Achievement type | D4: Level | E4: Result | F4: Points | G4: Max per year (category) | H4: Key (helper)
A5: 1 | B5: =INDEX(Types!$B$5:$B$16,MATCH(C5,Types!$C$5:$C$16,0)) -> Scientific | C5: Journal article | D5: University | E5: Confirmed | F5: =ROUND(INDEX(Types!$D$5:$D$16,MATCH(C5,Types!$C$5:$C$16,0))*INDEX(Settings!$B$7:$B$9,MATCH(D5,Settings!$A$7:$A$9,0))*INDEX(Settings!$B$13:$B$16,MATCH(E5,Settings!$A$13:$A$16,0)),0) -> 12 | G5: =Settings!$B$3 -> 100 | H5: =C5&"|"&D5&"|"&E5 -> Journal article|University|Confirmed
A6: 2 | B6: =INDEX(Types!$B$5:$B$16,MATCH(C6,Types!$C$5:$C$16,0)) -> Scientific | C6: Journal article | D6: National | E6: Confirmed | F6: =ROUND(INDEX(Types!$D$5:$D$16,MATCH(C6,Types!$C$5:$C$16,0))*INDEX(Settings!$B$7:$B$9,MATCH(D6,Settings!$A$7:$A$9,0))*INDEX(Settings!$B$13:$B$16,MATCH(E6,Settings!$A$13:$A$16,0)),0) -> 24 | G6: =Settings!$B$3 -> 100 | H6: =C6&"|"&D6&"|"&E6 -> Journal article|National|Confirmed
A7: 3 | B7: =INDEX(Types!$B$5:$B$16,MATCH(C7,Types!$C$5:$C$16,0)) -> Scientific | C7: Journal article | D7: International | E7: Confirmed | F7: =ROUND(INDEX(Types!$D$5:$D$16,MATCH(C7,Types!$C$5:$C$16,0))*INDEX(Settings!$B$7:$B$9,MATCH(D7,Settings!$A$7:$A$9,0))*INDEX(Settings!$B$13:$B$16,MATCH(E7,Settings!$A$13:$A$16,0)),0) -> 48 | G7: =Settings!$B$3 -> 100 | H7: =C7&"|"&D7&"|"&E7 -> Journal article|International|Confirmed
A8: 4 | B8: =INDEX(Types!$B$5:$B$16,MATCH(C8,Types!$C$5:$C$16,0)) -> Scientific | C8: Conference paper or abstract | D8: University | E8: Confirmed | F8: =ROUND(INDEX(Types!$D$5:$D$16,MATCH(C8,Types!$C$5:$C$16,0))*INDEX(Settings!$B$7:$B$9,MATCH(D8,Settings!$A$7:$A$9,0))*INDEX(Settings!$B$13:$B$16,MATCH(E8,Settings!$A$13:$A$16,0)),0) -> 5 | G8: =Settings!$B$3 -> 100 | H8: =C8&"|"&D8&"|"&E8 -> Conference paper or abstract|University|Confirmed
A9: 5 | B9: =INDEX(Types!$B$5:$B$16,MATCH(C9,Types!$C$5:$C$16,0)) -> Scientific | C9: Conference paper or abstract | D9: National | E9: Confirmed | F9: =ROUND(INDEX(Types!$D$5:$D$16,MATCH(C9,Types!$C$5:$C$16,0))*INDEX(Settings!$B$7:$B$9,MATCH(D9,Settings!$A$7:$A$9,0))*INDEX(Settings!$B$13:$B$16,MATCH(E9,Settings!$A$13:$A$16,0)),0) -> 10 | G9: =Settings!$B$3 -> 100 | H9: =C9&"|"&D9&"|"&E9 -> Conference paper or abstract|National|Confirmed
A10: 6 | B10: =INDEX(Types!$B$5:$B$16,MATCH(C10,Types!$C$5:$C$16,0)) -> Scientific | C10: Conference paper or abstract | D10: International | E10: Confirmed | F10: =ROUND(INDEX(Types!$D$5:$D$16,MATCH(C10,Types!$C$5:$C$16,0))*INDEX(Settings!$B$7:$B$9,MATCH(D10,Settings!$A$7:$A$9,0))*INDEX(Settings!$B$13:$B$16,MATCH(E10,Settings!$A$13:$A$16,0)),0) -> 20 | G10: =Settings!$B$3 -> 100 | H10: =C10&"|"&D10&"|"&E10 -> Conference paper or abstract|International|Confirmed
A11: 7 | B11: =INDEX(Types!$B$5:$B$16,MATCH(C11,Types!$C$5:$C$16,0)) -> Scientific | C11: Olympiad or academic competition | D11: University | E11: Participant | F11: =ROUND(INDEX(Types!$D$5:$D$16,MATCH(C11,Types!$C$5:$C$16,0))*INDEX(Settings!$B$7:$B$9,MATCH(D11,Settings!$A$7:$A$9,0))*INDEX(Settings!$B$13:$B$16,MATCH(E11,Settings!$A$13:$A$16,0)),0) -> 2 | G11: =Settings!$B$3 -> 100 | H11: =C11&"|"&D11&"|"&E11 -> Olympiad or academic competition|University|Participant
A12: 8 | B12: =INDEX(Types!$B$5:$B$16,MATCH(C12,Types!$C$5:$C$16,0)) -> Scientific | C12: Olympiad or academic competition | D12: University | E12: Finalist | F12: =ROUND(INDEX(Types!$D$5:$D$16,MATCH(C12,Types!$C$5:$C$16,0))*INDEX(Settings!$B$7:$B$9,MATCH(D12,Settings!$A$7:$A$9,0))*INDEX(Settings!$B$13:$B$16,MATCH(E12,Settings!$A$13:$A$16,0)),0) -> 4 | G12: =Settings!$B$3 -> 100 | H12: =C12&"|"&D12&"|"&E12 -> Olympiad or academic competition|University|Finalist
A13: 9 | B13: =INDEX(Types!$B$5:$B$16,MATCH(C13,Types!$C$5:$C$16,0)) -> Scientific | C13: Olympiad or academic competition | D13: University | E13: Winner | F13: =ROUND(INDEX(Types!$D$5:$D$16,MATCH(C13,Types!$C$5:$C$16,0))*INDEX(Settings!$B$7:$B$9,MATCH(D13,Settings!$A$7:$A$9,0))*INDEX(Settings!$B$13:$B$16,MATCH(E13,Settings!$A$13:$A$16,0)),0) -> 8 | G13: =Settings!$B$3 -> 100 | H13: =C13&"|"&D13&"|"&E13 -> Olympiad or academic competition|University|Winner
A14: 10 | B14: =INDEX(Types!$B$5:$B$16,MATCH(C14,Types!$C$5:$C$16,0)) -> Scientific | C14: Olympiad or academic competition | D14: National | E14: Participant | F14: =ROUND(INDEX(Types!$D$5:$D$16,MATCH(C14,Types!$C$5:$C$16,0))*INDEX(Settings!$B$7:$B$9,MATCH(D14,Settings!$A$7:$A$9,0))*INDEX(Settings!$B$13:$B$16,MATCH(E14,Settings!$A$13:$A$16,0)),0) -> 4 | G14: =Settings!$B$3 -> 100 | H14: =C14&"|"&D14&"|"&E14 -> Olympiad or academic competition|National|Participant
A15: 11 | B15: =INDEX(Types!$B$5:$B$16,MATCH(C15,Types!$C$5:$C$16,0)) -> Scientific | C15: Olympiad or academic competition | D15: National | E15: Finalist | F15: =ROUND(INDEX(Types!$D$5:$D$16,MATCH(C15,Types!$C$5:$C$16,0))*INDEX(Settings!$B$7:$B$9,MATCH(D15,Settings!$A$7:$A$9,0))*INDEX(Settings!$B$13:$B$16,MATCH(E15,Settings!$A$13:$A$16,0)),0) -> 8 | G15: =Settings!$B$3 -> 100 | H15: =C15&"|"&D15&"|"&E15 -> Olympiad or academic competition|National|Finalist
A16: 12 | B16: =INDEX(Types!$B$5:$B$16,MATCH(C16,Types!$C$5:$C$16,0)) -> Scientific | C16: Olympiad or academic competition | D16: National | E16: Winner | F16: =ROUND(INDEX(Types!$D$5:$D$16,MATCH(C16,Types!$C$5:$C$16,0))*INDEX(Settings!$B$7:$B$9,MATCH(D16,Settings!$A$7:$A$9,0))*INDEX(Settings!$B$13:$B$16,MATCH(E16,Settings!$A$13:$A$16,0)),0) -> 16 | G16: =Settings!$B$3 -> 100 | H16: =C16&"|"&D16&"|"&E16 -> Olympiad or academic competition|National|Winner
... A46: 42 | B46: =INDEX(Types!$B$5:$B$16,MATCH(C46,Types!$C$5:$C$16,0)) -> Personal growth | C46: Book challenge (per book) | D46: University | E46: Confirmed | F46: =ROUND(INDEX(Types!$D$5:$D$16,MATCH(C46,Types!$C$5:$C$16,0))*INDEX(Settings!$B$7:$B$9,MATCH(D46,Settings!$A$7:$A$9,0))*INDEX(Settings!$B$13:$B$16,MATCH(E46,Settings!$A$13:$A$16,0)),0) -> 2 | G46: =Settings!$B$3 -> 100 | H46: =C46&"|"&D46&"|"&E46 -> Book challenge (per book)|University|Confirmed

Sheet Types
A1: Jadid Index - Achievement Types (v0.3, draft)
A2: Base points are editable (yellow). For a journal article, 'level' means the journal's tier.
A4: ID | B4: Category | C4: Achievement type | D4: Base points | E4: Levels used | F4: Results | G4: What the reviewer checks
A5: 1 | B5: Scientific | C5: Journal article | D5: 12 | E5: University, National, International | F5: Confirmed | G5: DOI or journal page; check the journal's index or list for its tier.
A6: 2 | B6: Scientific | C6: Conference paper or abstract | D6: 5 | E6: University, National, International | F6: Confirmed | G6: Programme or proceedings page, or participation certificate.
A7: 3 | B7: Scientific | C7: Olympiad or academic competition | D7: 4 | E7: University, National, International | F7: Placement | G7: Official results page; diploma or certificate number.
A8: 4 | B8: Innovation | C8: Patent (invention, utility model, industrial design) | D8: 20 | E8: National, International | F8: Confirmed | G8: Patent number in the official registry.
A9: 5 | B9: Innovation | C9: Software or database registration certificate | D9: 8 | E9: National | F9: Confirmed | G9: Certificate number in the official registry.
A10: 6 | B10: Innovation | C10: Startup project with a working product | D10: 6 | E10: University, National, International | F10: Confirmed | G10: Reviewer-confirmed working product; program acceptance letter if any.
A11: 7 | B11: Innovation | C11: Grant received | D11: 8 | E11: University, National, International | F11: Confirmed | G11: Award letter or the grantor's official page.
A12: 8 | B12: Innovation | C12: Hackathon | D12: 3 | E12: University, National, International | F12: Placement | G12: Organizer's results page or certificate.
A13: 9 | B13: Social | C13: Volunteering (per certificate) | D13: 2 | E13: University, National, International | F13: Confirmed | G13: Certificate from the organization.
A14: 10 | B14: Social | C14: Leading a student project or club | D14: 5 | E14: University, National | F14: Confirmed | G14: Confirmation from the university or organization.
A15: 11 | B15: Personal growth | C15: Professional course certificate | D15: 1 | E15: University, National, International | F15: Confirmed | G15: Certificate number or verification link.
A16: 12 | B16: Personal growth | C16: Book challenge (per book) | D16: 2 | E16: University | F16: Confirmed | G16: Short written summary of the book.

Sheet Settings
A1: Jadid Index - Settings (v0.3, draft)
A2: Yellow cells with blue text are editable. Every number here is a placeholder to be confirmed by the mentor/founders.
A3: Cap per category (points per academic year) | B3: 100 | C3: Applies to every category. Placeholder from the founders' draft.
A5: Level multipliers
A6: Level | B6: Multiplier | C6: What counts
A7: University | B7: 1 | C7: University or faculty-level event or body; university-level journal or proceedings.
A8: National | B8: 2 | C8: National organizer or program; national peer-reviewed journal (confirm the current national list with the mentor).
A9: International | B9: 4 | C9: International organizer or program; internationally indexed journal (Scopus / Web of Science or the field's equivalent).
A11: Result multipliers
A12: Result | B12: Multiplier | C12: What counts
A13: Participant | B13: 0.5 | C13: Took part in a competition, no placement.
A14: Finalist | B14: 1 | C14: Reached the final round.
A15: Winner | B15: 2 | C15: Winner or prize place.
A16: Confirmed | B16: 1 | C16: Used for achievements with no placement: papers, patents, grants, certificates.
A18: Rules
A19: 1. Points = base points (Types sheet) x level multiplier x result multiplier, rounded to a whole number.
A20: 2. Each submission is scored once. Duplicates (same certificate number or same file) are rejected.
A21: 3. Only the reviewer confirms the type, level and result. A rejection must include a reason.
A22: 4. Points depend on the achievement's date, not the upload date. Achievements from before the current academic year are not counted.
A23: 5. Points per category are capped per academic year (cell B3). The last approved item may be awarded only the remaining points.
A24: 6. Students can appeal by resubmitting with a comment; the reviewer answers within 7 days.
A25: 7. All numbers are placeholders (v0.3) and must be confirmed by the mentor/founders before launch.

Sheet Calculator
A1: Jadid Index - Points Calculator
A2: Pick a type, level and result (yellow cells) to see the points. The values below are an example; change them freely.
A3: Achievement type | B3: Olympiad or academic competition
A4: Level | B4: National
A5: Result | B5: Winner
A7: Points | B7: =IFERROR(INDEX(Points!$F$5:$F$46,MATCH(B3&"|"&B4&"|"&B5,Points!$H$5:$H$46,0)),"Not a valid combination") -> 16
A8: Category | B8: =IFERROR(INDEX(Types!$B$5:$B$16,MATCH(B3,Types!$C$5:$C$16,0)),"") -> Scientific
A9: Max per year in this category | B9: =Settings!$B$3 -> 100
